{
  "test_mse": 3.8730942603929294e-05,
  "test_mse_trim": 3.7384594814543946e-05,
  "best_epoch": 1831,
  "elapsed_sec": 304.78967905044556
}